age,monthly_income,employment_months,employment_type_encoded,equifax_score,active_debts,worst_delay_days,credit_utilization_pct,avg_balance_3m,transaction_count_3m,dti_ratio,payment_to_income,debt_service_coverage,loan_to_income,employment_type,elegible,default_12m,data_source,dataset_version,feature_schema_version
30,950543.9687861123,126.54484019006549,1,540.6322610307146,0,34.0,0.43640114003892616,552585.1319871515,23,0.2099089756896274,0.2099089756896274,4.763969700269538,0.8396359027585095,independiente,True,0,synthetic_v1,v1,personal_v1
34,952912.4748652597,115.0129920038886,0,490.82322426741126,1,22.0,0.8646430893772001,834112.6674823625,20,0.05015570758459374,0.10262642375091313,9.744079189849996,0.2507785379229687,asalariado,True,0,synthetic_v1,v1,personal_v1
45,703768.6331605765,32.192956853157966,1,501.2685662072327,1,5.0,0.7551562494692123,1047182.8828094063,23,0.43294001640723795,0.5039860926943459,1.984181735360847,0.4329400164072379,independiente,False,0,synthetic_v1,v1,personal_v1
18,1160349.774597325,63.16455944578587,1,461.83832278675084,2,14.0,0.6369589204921442,1092005.4414003263,20,0.9882624346558984,1.074443345092756,0.9307144993426067,0.9882624346558984,independiente,False,1,synthetic_v1,v1,personal_v1
27,1072610.883250661,69.59940508038366,0,506.2477020838568,0,9.0,0.9765193484635358,353313.0697381156,43,0.07275811726943902,0.07275811726943902,13.744170925929598,0.21827435180831706,asalariado,False,0,synthetic_v1,v1,personal_v1
43,186990.75029121563,26.13899790154113,0,471.77398550084337,0,9.0,0.21186993700891346,262148.48951931007,15,0.16656048360861228,0.16656048360861228,6.003825027008347,0.49968145082583687,asalariado,False,0,synthetic_v1,v1,personal_v1
32,1579904.070247704,17.80179292834977,1,476.48698071080713,1,1.0,0.8134167045438653,1680732.1647436223,47,0.42650299333386654,0.45815048443258927,2.182688950418728,0.8530059866677331,independiente,False,0,synthetic_v1,v1,personal_v1
44,341373.43242571957,8.276459950399516,2,519.8450614199231,1,23.0,0.48076390710095557,247588.43323245418,21,0.0691874667650757,0.21565463512294034,4.637043852221958,0.3459373338253785,pensionado,False,0,synthetic_v1,v1,personal_v1
42,150000.0,63.25894439628207,0,610.2705337112345,1,2.0,0.5187996980920413,87700.90360533568,19,0.1331890168905811,0.4665223502239145,2.1435200253965,0.39956705067174336,asalariado,False,0,synthetic_v1,v1,personal_v1
49,1593727.700401761,76.55195972780785,0,505.1664295903427,3,13.0,0.067018380983526,2071730.8652749083,51,0.20269679394005624,0.2968157579024613,3.369093363057284,0.4053935878801124,asalariado,False,0,synthetic_v1,v1,personal_v1
41,609156.1930970646,31.93726020531645,1,553.4249099244269,1,7.0,0.9449326219699644,594490.5100944001,20,0.1733294766407795,0.2554102312429622,3.915269937047813,0.8666473832038974,independiente,True,0,synthetic_v1,v1,personal_v1
29,1823340.4689091984,132.35206790852365,1,600.5355594906213,1,17.0,0.8106528958164432,1580257.4635340527,57,0.3035177268026674,0.3309399229599831,3.021696479094542,0.6070354536053348,independiente,True,0,synthetic_v1,v1,personal_v1
18,1731724.0506110513,46.437119661476046,0,607.5397836134941,1,20.0,0.0401257993978869,1325095.7092107453,42,0.6826887106157951,0.7115616710521632,1.4053595642965597,0.682688710615795,asalariado,True,0,synthetic_v1,v1,personal_v1
20,175542.1369882828,53.792327774953506,0,433.3923248310568,0,7.0,0.6204309301123041,156164.19624927142,13,0.30310449663345895,0.30310449663345895,3.2991922294352807,0.30310449663345895,asalariado,False,0,synthetic_v1,v1,personal_v1
18,371121.4805464901,177.84304146128773,0,623.4368103639931,0,21.0,0.1718770361408447,204509.24729382814,20,0.17187532481684156,0.17187532481684156,5.818170822749845,0.17187532481684156,asalariado,True,1,synthetic_v1,v1,personal_v1
18,220360.9747263309,83.2232713151238,2,510.7758535287333,4,3.0,0.09520353710605349,224719.0000420023,16,0.19636441016272208,1.103966131603565,0.9058248902504381,0.7854576406508884,pensionado,True,0,synthetic_v1,v1,personal_v1
27,391076.59996302356,77.46981635837892,0,365.32714122091534,5,25.0,0.5034704324370736,374820.9524500976,18,0.5697140214834017,1.20897497451316,0.827146980774096,0.5697140214834017,asalariado,True,1,synthetic_v1,v1,personal_v1
32,650013.3372194167,19.927382479971612,1,592.2466029298582,0,36.0,0.325824485134161,246305.68990301766,26,0.19417300694529752,0.19417300694529752,5.150046423711821,0.5825190208358926,independiente,True,0,synthetic_v1,v1,personal_v1
20,150000.0,85.6783802353081,0,521.827279222424,1,57.0,0.44855960254273086,184560.4538075822,10,0.31099301172493937,0.6443263450582727,1.5520085553999197,0.9329790351748181,asalariado,True,0,synthetic_v1,v1,personal_v1
36,220723.30875771405,142.8618058414937,2,461.4607538541932,4,99.0,0.3465060320746773,112521.64236218277,9,0.32962789836170014,1.2357397228248708,0.8092318969192189,0.9888836950851004,pensionado,False,0,synthetic_v1,v1,personal_v1
39,150000.0,56.55570979294829,0,496.9738372903855,3,6.0,0.4476235957666854,123561.16897817125,9,0.04687743080120961,1.0468774308012097,0.9552216626111304,0.18750972320483844,asalariado,False,1,synthetic_v1,v1,personal_v1
49,503743.2262450318,93.52636771422067,0,465.90271865753084,2,17.0,0.27702547037078384,146245.467786105,18,0.05939701942494579,0.25791085502609745,3.877308692178978,0.23758807769978316,asalariado,False,0,synthetic_v1,v1,personal_v1
43,1890079.8742932926,11.765414875793175,0,527.1672125715143,1,9.0,0.6099156615632647,1079770.174596597,66,0.4919530762083101,0.5184069846806677,1.9289863554133777,0.9839061524166202,asalariado,False,0,synthetic_v1,v1,personal_v1
48,579269.6471787428,22.422812094725945,0,565.1822393367369,2,1.0,0.7212562674478671,290400.29383877484,21,0.24505576693839598,0.41768694222444275,2.3941375678980483,0.9802230677535838,asalariado,True,0,synthetic_v1,v1,personal_v1
42,2074319.542072331,16.305024603270322,0,565.4290278001534,0,21.0,0.4443981914254202,1718373.253423732,47,0.04344398130747736,0.04344398130747736,23.018148196926074,0.17377592522990945,asalariado,True,0,synthetic_v1,v1,personal_v1
18,724941.2316961807,121.57418307512577,0,537.9443720370806,3,5.0,0.656205105391696,169627.17580208683,26,0.16879045645002552,0.3757037805122224,2.6616713801405782,0.8439522822501276,asalariado,True,0,synthetic_v1,v1,personal_v1
39,420081.44175648654,4.214964553050503,0,540.2692800008253,3,65.0,0.20731940308831479,226758.35261933185,13,0.23447917092418805,0.5915527882989642,1.6904662099143233,0.4689583418483761,asalariado,True,0,synthetic_v1,v1,personal_v1
22,153157.04368846942,55.9720621291482,0,474.1980473181281,3,27.0,0.7701326537758855,223355.1516457163,11,0.08769756886237996,1.067084454294231,0.9371329476085372,0.43848784431189985,asalariado,False,0,synthetic_v1,v1,personal_v1
25,313666.78267366206,40.1482984651242,0,420.30917646910666,2,34.0,0.8665224030080559,290075.6160686971,16,0.19689290153941882,0.515702560463487,1.9391022590643168,0.3937858030788376,asalariado,False,1,synthetic_v1,v1,personal_v1
29,1342736.577545879,3.038068646894193,1,603.5632660671845,0,2.0,0.28935473347172,785985.70389983,38,0.2580467505115608,0.2580467505115608,3.8752667802154668,0.5160935010231216,independiente,True,0,synthetic_v1,v1,personal_v1
40,202037.39419731215,27.301754013617334,1,452.2675781637062,4,100.0,0.6635642201233067,217433.45868616673,17,0.376520133763541,1.3664358906688079,0.7318308943938422,0.7530402675270821,independiente,False,0,synthetic_v1,v1,personal_v1
28,513887.5220841145,23.749312847668502,2,402.4371091299676,3,9.0,0.34956088155015275,484732.8839928723,21,0.23843018219259332,0.5303228504396491,1.885643809560494,0.9537207287703733,pensionado,False,1,synthetic_v1,v1,personal_v1
33,2579399.6522063096,11.735356196275585,1,610.921456702196,2,26.0,0.14368529249270912,2030428.0394115644,67,0.14442221123150628,0.18319092235948686,5.458785769076692,0.5776888449260251,independiente,True,0,synthetic_v1,v1,personal_v1
59,372528.07341953524,23.998657008494213,0,491.9792959409641,2,8.0,0.6937353366798157,159612.20948736684,16,0.3322222812571979,0.6006584264370045,1.6648397092034761,0.6644445625143959,asalariado,False,0,synthetic_v1,v1,personal_v1
35,162069.65245077864,67.90040328822303,0,620.4182187350682,1,3.0,0.8059631913857291,33437.621395940914,6,0.2329541262072457,0.5414634568802739,1.8468467027519382,0.9318165048289829,asalariado,True,0,synthetic_v1,v1,personal_v1
53,749805.4894954424,4.473839119792554,0,556.5967057254454,1,33.0,0.4546443664821075,188190.0317270499,33,0.18749151658791813,0.25417547756244485,3.9342898441267757,0.9374575829395906,asalariado,False,0,synthetic_v1,v1,personal_v1
28,842811.559775742,79.89123664984209,0,540.3807171234346,3,18.0,0.8212675205963298,1159323.2274294244,34,0.13743423833161136,0.31540996524251474,3.1704768720008976,0.6871711916580567,asalariado,False,0,synthetic_v1,v1,personal_v1
22,199093.7695930562,40.71515472804109,0,513.2223914249843,1,3.0,0.7124246924131582,266027.3314961374,12,0.9132272077685822,1.1643651519754705,0.8588371081901521,0.9132272077685822,asalariado,True,0,synthetic_v1,v1,personal_v1
58,187723.257266218,39.64164224043237,0,410.9121564427305,4,36.0,0.5895774422114328,84007.74803122891,10,0.15236123024893414,1.2177593216339129,0.8211803286861831,0.7618061512446707,asalariado,False,0,synthetic_v1,v1,personal_v1
28,312834.9412563948,27.46501979165281,0,556.996625067163,2,5.0,0.9283179537978455,375282.9799801847,21,0.03545810380165682,0.355115491171444,2.8159852917180013,0.1418324152066273,asalariado,True,0,synthetic_v1,v1,personal_v1
40,366409.10925356817,71.48619971917961,0,482.828863349739,2,25.0,0.23110659956217725,459711.98708090757,23,0.6198330556312566,0.8927520346482233,1.1201318632603692,0.6198330556312566,asalariado,False,0,synthetic_v1,v1,personal_v1
63,902056.0056500614,0.7369002882082168,1,632.0689869074338,0,7.0,0.10759894875982046,840111.5418598088,24,0.04714296468616828,0.04714296468616828,21.2120728226793,0.18857185874467308,independiente,False,0,synthetic_v1,v1,personal_v1
42,862812.494814495,28.137043024167703,0,571.8856398782646,0,5.0,0.5231389814309823,985096.690798023,28,0.41016407293277946,0.41016407293277946,2.4380487370571995,0.41016407293277946,asalariado,True,0,synthetic_v1,v1,personal_v1
32,198116.38938652532,29.98145903335963,0,459.20774618872275,1,46.0,0.19796999351123695,291775.96698896366,12,0.04360358576314066,0.29598048479116573,3.378601128738497,0.2180179288157033,asalariado,True,0,synthetic_v1,v1,personal_v1
47,1504874.790189757,29.111884734337117,1,502.64431358890306,1,16.0,0.4204626371452978,1435876.0123951093,39,0.17493117653412424,0.20815653210918525,4.804076960099747,0.17493117653412424,independiente,False,0,synthetic_v1,v1,personal_v1
50,638259.1906351184,68.23146881315293,0,553.0911616137449,0,6.0,1.116478072868859,515318.16604844143,15,0.11282876368479455,0.11282876368479455,8.862988189728483,0.2256575273695891,asalariado,True,0,synthetic_v1,v1,personal_v1
43,292070.55952361546,123.63609739485764,0,524.8779524568243,2,0.0,0.6089212452536077,243262.29567654207,20,0.18512625030050217,0.5275092695377235,1.8957012847875419,0.5553787509015066,asalariado,True,0,synthetic_v1,v1,personal_v1
49,461596.2791432645,8.583331332596366,0,573.0444480089734,2,9.0,0.4098659165747761,317504.0880862577,26,0.05140419800841434,0.2680437259214269,3.730734590270303,0.20561679203365735,asalariado,True,0,synthetic_v1,v1,personal_v1
55,188847.35681484832,24.390703450561027,0,405.2481520227086,5,1.0,0.6899117389766273,257930.71238710886,11,0.4466022904927296,1.7704227781954385,0.564836835763762,0.8932045809854591,asalariado,False,1,synthetic_v1,v1,personal_v1
29,569613.1882330696,39.94311440957321,0,507.9908693744027,2,52.0,0.4177401022242929,664318.5189556399,27,0.046752685975345876,0.22231041895234785,4.498214724764428,0.1870107439013835,asalariado,False,0,synthetic_v1,v1,personal_v1
28,228514.58433280993,16.08035052350644,0,541.0649529584408,3,22.0,0.6003340387391695,156976.41993460647,17,0.22479068401592148,0.8812039297523037,1.1348110990393432,0.8991627360636858,asalariado,True,0,synthetic_v1,v1,personal_v1
47,1075175.218671868,46.556970451412084,0,696.9842100630176,1,60.0,0.5364782766025061,1360964.642361764,22,0.16220077945853942,0.20870482747944108,4.791456010276079,0.6488031178341577,asalariado,True,0,synthetic_v1,v1,personal_v1
46,164896.85603374388,32.52923100404504,0,504.623921953527,1,0.0,0.9665028397653466,175002.98195492357,12,0.8152241144839508,1.1184439647748998,0.8940993304043282,0.8152241144839508,asalariado,False,1,synthetic_v1,v1,personal_v1
42,466545.50799543434,50.83249661703062,2,481.90144826766283,3,50.0,0.19328169393368097,297439.90337762673,26,0.16497193650103073,0.48648398072688126,2.0555661432178045,0.4949158095030923,pensionado,False,0,synthetic_v1,v1,personal_v1
34,612773.7982272925,61.596405553861906,0,413.21362037157905,4,72.0,0.7578970248029827,533831.8746738612,21,0.3371195865564631,0.6635042991185613,1.5071492397689956,0.6742391731129262,asalariado,True,0,synthetic_v1,v1,personal_v1
28,350938.7162768965,8.876005267052806,0,343.8607276902736,5,27.0,0.8081693094705732,466233.3210342383,12,0.34565779177314343,1.0580328829350596,0.9451502085889124,0.6913155835462869,asalariado,False,1,synthetic_v1,v1,personal_v1
46,160463.5358457333,1.1790750316229726,0,507.537161509395,4,9.0,0.34052307481293587,163729.01334531402,11,0.029746176616719088,1.2761352639934072,0.7836159913571406,0.14873088308359544,asalariado,True,0,synthetic_v1,v1,personal_v1
35,397552.0356594191,26.057636882253085,0,600.1614284555801,0,3.0,0.41791532844712637,465718.7951262626,27,0.11863118314321354,0.11863118314321354,8.429486864282415,0.23726236628642708,asalariado,True,0,synthetic_v1,v1,personal_v1
20,537420.0039585885,11.008601465990013,0,509.82464657929677,4,46.0,0.5293289177219463,308661.6701317292,21,0.17508276984203466,0.5472311798878416,1.8273812544909376,0.3501655396840693,asalariado,False,0,synthetic_v1,v1,personal_v1
50,642369.0661054446,30.092964679808055,0,514.308840944684,2,10.0,0.9749904231067692,729625.0051232427,22,0.06640766361900383,0.22208141143235985,4.50285322643752,0.19922299085701148,asalariado,False,0,synthetic_v1,v1,personal_v1
30,569766.095875578,23.860267217780628,0,565.4233687281095,1,6.0,0.4418603188125306,771424.4262773113,23,0.12428914889784921,0.2120444582466152,4.715992147443743,0.3728674466935476,asalariado,True,0,synthetic_v1,v1,personal_v1
50,883294.9522907585,6.307963071012324,0,678.9711657937756,0,5.0,0.1608233278850045,1214166.7507573373,23,0.1327210916501976,0.1327210916501976,7.534597459728709,0.39816327495059284,asalariado,True,0,synthetic_v1,v1,personal_v1
35,482672.5509018446,6.586590479753023,0,620.5243042982784,2,8.0,0.4182117326367107,618235.9676790684,18,0.08260808116336613,0.28978787585679966,3.450799993075472,0.2478242434900984,asalariado,True,0,synthetic_v1,v1,personal_v1
25,642073.0059064531,31.61779039619879,0,552.2206226501012,0,1.0,0.37073254104207787,560695.2667498948,38,0.3758247897133858,0.3758247897133858,2.660814367148658,0.7516495794267716,asalariado,True,0,synthetic_v1,v1,personal_v1
36,1106383.5005577758,100.274348549644,0,562.5429450879312,3,40.0,0.027834609722332468,1129839.553798187,33,0.3347298987098087,0.47030675784082293,2.126271807343355,0.6694597974196174,asalariado,True,0,synthetic_v1,v1,personal_v1
39,1525362.909202902,32.372322313964546,1,577.0978699908991,3,48.0,0.531175637085662,2281883.708502248,29,0.2120108070873858,0.3103480611893519,3.222188648988764,0.848043228349543,independiente,False,0,synthetic_v1,v1,personal_v1
38,319615.0239455228,17.428949340051876,0,536.6712369315386,3,53.0,1.1962303752220902,249602.58551463133,29,0.2447258970515574,0.7140405060718359,1.4004807731445352,0.48945179410311473,asalariado,True,0,synthetic_v1,v1,personal_v1
49,308819.2424287917,7.331283218340708,2,446.25194727309145,0,4.0,0.37139253039672876,290390.88631255436,17,0.9244943838635566,0.9244943838635566,1.0816723362027336,0.9244943838635566,pensionado,False,1,synthetic_v1,v1,personal_v1
20,1377950.3554700073,45.09164593478511,0,547.5803739449152,1,7.0,0.4146528169403264,832245.9597321113,44,0.03358872799588779,0.06987450549252729,14.311371407228702,0.16794363997943892,asalariado,False,0,synthetic_v1,v1,personal_v1
25,354332.5947886722,22.56561449678928,0,490.24313814311006,0,3.0,0.4103997884519075,262082.23610224752,20,0.16645458835128385,0.16645458835128385,6.007644546809437,0.6658183534051353,asalariado,False,0,synthetic_v1,v1,personal_v1
31,380947.6361895694,29.043584597435924,0,529.4425895389893,0,9.0,0.7057033536281234,367237.9501854255,23,0.3828348147545824,0.3828348147545824,2.612092634890203,0.765669629509165,asalariado,False,0,synthetic_v1,v1,personal_v1
35,1531343.9694011973,4.192678139937519,0,566.3900682765754,1,18.0,0.41555495452289337,1724240.4916276846,39,0.031654217634607164,0.06430527513643776,15.550823752457017,0.12661687053842866,asalariado,True,0,synthetic_v1,v1,personal_v1
22,2425295.192758495,133.20862437023143,0,637.9956794487073,3,4.0,0.5573934174978374,3615767.8343410855,57,0.46112587546035894,0.5229740168527444,1.9121408861151388,0.9222517509207179,asalariado,True,0,synthetic_v1,v1,personal_v1
30,196078.12649100556,3.023747778474712,1,476.79997859466226,1,2.0,0.9321081573946236,101501.69542076456,20,0.05340979247766091,0.3084101889767247,3.2424350288747066,0.2670489623883045,independiente,False,0,synthetic_v1,v1,personal_v1
21,2335738.835210189,77.95384828268561,0,621.845798943662,0,6.0,0.7211622554432899,920434.5709873933,45,0.13578774131313037,0.13578774131313037,7.364435039050923,0.4073632239393912,asalariado,True,0,synthetic_v1,v1,personal_v1
65,333166.1112059617,10.514127349806246,1,477.8348674739628,1,5.0,0.9881873920255242,382362.63881026866,19,0.1683506274938664,0.31842591522050506,3.140447910175638,0.841753137469332,independiente,False,0,synthetic_v1,v1,personal_v1
22,334834.7440902666,20.407608233167768,0,515.1490197971059,1,25.0,0.3534402279725197,237235.02534946665,16,0.296461034161633,0.44578842889137676,2.2432165915272453,0.5929220683232659,asalariado,True,0,synthetic_v1,v1,personal_v1
38,2220185.5979590616,10.455227473467152,0,460.00825224708035,2,6.0,0.8137427375369807,660412.5014275931,41,0.18941265374559305,0.23445393321877153,4.265230215041387,0.9470632687279652,asalariado,False,0,synthetic_v1,v1,personal_v1
41,516139.205752108,16.8763852994779,0,602.1137436544393,1,1.0,0.4312139730097872,710293.2097077721,17,0.12005548191393953,0.21692857243443384,4.609812293409378,0.4802219276557581,asalariado,True,0,synthetic_v1,v1,personal_v1
45,383376.85530870483,97.32970352992268,2,478.06046350371696,0,18.0,0.3702922877014571,528350.8695989044,19,0.12472489283716806,0.12472489283716806,8.017645694075911,0.6236244641858403,pensionado,False,0,synthetic_v1,v1,personal_v1
22,375861.0559694959,92.37148661201378,0,452.0728058639498,4,1.0,0.6382598465722588,445509.5700933248,20,0.33683157105413,0.8689430969054052,1.150823343394213,0.67366314210826,asalariado,True,0,synthetic_v1,v1,personal_v1
37,549702.2006774686,160.11597088298817,0,576.6883271251222,2,41.0,0.5396448924844715,546308.789333864,28,0.13566341960152414,0.31758010080956217,3.148811898008852,0.5426536784060966,asalariado,True,0,synthetic_v1,v1,personal_v1
58,827989.4878187471,26.34771215491711,1,532.8813322530187,0,4.0,0.1461674267253238,594767.860276462,32,0.14467686605774702,0.14467686605774702,6.9119550847946565,0.5787074642309881,independiente,False,0,synthetic_v1,v1,personal_v1
57,2408632.159115112,15.110866659860008,1,577.2024817492065,2,1.0,0.6714746131576773,1106498.8906596713,55,0.044263537287470074,0.08578087716918045,11.657609865981671,0.1770541491498803,independiente,True,0,synthetic_v1,v1,personal_v1
25,444946.5912994766,29.87608320410326,2,413.98425246040017,1,39.0,0.5147181906432984,111273.38874522335,22,0.3635338489154655,0.4759068864388542,2.10125137604724,0.727067697830931,pensionado,False,1,synthetic_v1,v1,personal_v1
60,275295.3528911305,76.73980093433231,1,501.7948110494479,0,3.0,0.7494883520159864,285474.2199403689,14,0.5577670885382733,0.5577670885382733,1.7928630436418826,0.5577670885382733,independiente,False,0,synthetic_v1,v1,personal_v1
26,150000.0,24.29979867014664,0,578.985916768439,1,15.0,0.48883027056836803,187187.45191275686,14,0.3099514097814057,0.6432847431147389,1.5545215562832582,0.3099514097814057,asalariado,True,0,synthetic_v1,v1,personal_v1
30,376191.80328602355,28.184870006500958,0,519.8135187463073,0,2.0,0.29232319243580573,485866.1436158472,25,0.3181891298107048,0.3181891298107048,3.14278492352933,0.6363782596214096,asalariado,False,0,synthetic_v1,v1,personal_v1
22,488492.50738156325,54.94078936850347,0,566.3889387927517,0,6.0,0.14102558032965662,570134.7609426698,27,0.10637401051457668,0.10637401051457668,9.400792497740486,0.31912203154373003,asalariado,True,0,synthetic_v1,v1,personal_v1
18,324324.4604566836,195.10755389798626,1,583.1161005562848,3,32.0,0.20297750051534894,110760.68646394258,5,0.09120400048366384,0.5537038063533288,1.8060197320765412,0.3648160019346553,independiente,False,0,synthetic_v1,v1,personal_v1
28,572368.6083155746,4.050017964269259,0,669.413443678945,2,3.0,0.6638815551600808,334968.7673205677,21,0.2222749300899684,0.3969875166070562,2.518970894971022,0.8890997203598736,asalariado,True,0,synthetic_v1,v1,personal_v1
40,610258.1531011956,0.7052190257522347,0,581.7375552622814,3,2.0,0.5236797960577086,744367.0980671447,19,0.6145131134262163,0.8603107307750932,1.162370715868038,0.6145131134262163,asalariado,False,0,synthetic_v1,v1,personal_v1
27,2150831.2832891173,2.4253394933764145,1,518.4625794499759,2,2.0,0.2964077600245574,979396.2075980848,65,0.06353475547763596,0.11002840692159159,9.088562017558063,0.3176737773881798,independiente,False,0,synthetic_v1,v1,personal_v1
42,724840.9212114244,54.49088576572437,0,479.245047093668,1,6.0,0.34181855202714684,1018814.059638986,19,0.29422576763545405,0.36320642054400554,2.7532552935110948,0.29422576763545405,asalariado,False,0,synthetic_v1,v1,personal_v1
31,1736644.1728368716,11.905568026253944,0,677.7473064869212,1,0.0,0.2653559909105574,737665.1547742803,41,0.14942608256285686,0.17821724242280856,5.611129352049822,0.14942608256285686,asalariado,True,0,synthetic_v1,v1,personal_v1
34,636363.101374745,49.8192545627323,0,563.8834796464312,2,10.0,0.612439116267526,651120.7913413611,22,0.18591614177894691,0.3430591310314169,2.91494937620075,0.9295807088947344,asalariado,True,0,synthetic_v1,v1,personal_v1
28,2312935.5210600216,28.45688479133034,0,553.8399980473729,2,10.0,0.8721239230046354,715121.204576358,43,0.14593059658182964,0.1891656972102163,5.286370704349841,0.43779178974548894,asalariado,True,0,synthetic_v1,v1,personal_v1
34,956394.5108347348,4.336274289588699,0,617.8496530466385,1,4.0,0.5936256103872434,598939.420446304,29,0.12931316690098352,0.18159284796728356,5.506824807220181,0.5172526676039341,asalariado,True,0,synthetic_v1,v1,personal_v1
40,1181192.7491176832,36.621032647650054,0,644.5734359855811,2,22.0,0.46380097507888235,1031906.2555687007,31,0.06336636081002969,0.14802654863686582,6.755544928992226,0.25346544324011877,asalariado,True,0,synthetic_v1,v1,personal_v1
23,337666.1462854267,120.48405009281873,2,576.1993030163513,0,3.0,0.3209932719692252,291714.96573881974,10,0.06606403283982071,0.06606403283982071,15.136829482157205,0.19819209851946215,pensionado,False,0,synthetic_v1,v1,personal_v1
26,430335.9847925551,44.38451186173021,0,564.2299531283509,0,1.0,0.49884667401187566,272968.71992325375,25,0.0881127063985391,0.0881127063985391,11.349100951194707,0.1762254127970782,asalariado,True,0,synthetic_v1,v1,personal_v1
39,836814.3707559907,96.31486459952403,0,490.5068553065422,3,0.0,0.2568765674567636,1111062.9362546143,17,0.1400997955544659,0.31935101929299675,3.1313505816072706,0.5603991822178636,asalariado,False,0,synthetic_v1,v1,personal_v1
40,1278273.4494055768,58.54095945068034,0,726.3967550951037,1,2.0,0.7411579915074932,1594664.2885184237,50,0.09151789299831337,0.1306331543089907,7.655024524897169,0.3660715719932535,asalariado,True,0,synthetic_v1,v1,personal_v1
30,335436.18651884986,58.65371625808322,0,460.1916704709007,4,22.0,0.8652853367420443,423662.4495219511,23,0.9187953508224957,1.5150339441465972,0.6600512179040909,0.9187953508224956,asalariado,False,1,synthetic_v1,v1,personal_v1
35,1045935.9222598779,17.925910130169832,0,521.3629240383088,3,8.0,0.5202869010475032,968913.6849140767,30,0.18583597746218178,0.32924820454766696,3.0372223331447956,0.7433439098487271,asalariado,False,0,synthetic_v1,v1,personal_v1
18,327531.98023411277,5.873268558105578,0,542.5916599349314,4,20.0,0.9524786128273582,121179.29319805515,17,0.15907509742461096,0.7697024928228995,1.2992032757130352,0.6363003896984438,asalariado,True,0,synthetic_v1,v1,personal_v1
39,150000.0,24.434990654688548,1,476.0798855907348,1,4.0,0.5055995531177896,201183.5135467344,14,0.10033532987083349,0.4336686632041668,2.3059079081515517,0.40134131948333396,independiente,False,0,synthetic_v1,v1,personal_v1
43,1647292.4995207156,17.723691997497745,1,649.373933550335,1,7.0,0.4734940095455381,1744166.3434342742,43,0.12154159074559477,0.15189442730288355,6.583519999755883,0.4861663629823791,independiente,True,0,synthetic_v1,v1,personal_v1
41,2186608.975822008,43.76027472214844,0,627.3020917799381,2,24.0,0.6599043631731603,2644504.2055223277,47,0.6162448242603277,0.6619777381492443,1.5106248176801194,0.6162448242603277,asalariado,True,0,synthetic_v1,v1,personal_v1
33,333327.7142332671,43.75652621976436,1,557.2353367833673,1,15.0,0.9833732685396605,484071.2919851509,17,0.23571516585824845,0.38571769449590426,2.5925696805455174,0.7071454975747453,independiente,True,0,synthetic_v1,v1,personal_v1
18,1518075.74726382,15.732012862874898,0,646.9150623614723,2,5.0,1.0147914782923069,1720500.847726924,47,0.0722430029424202,0.13811586875971554,7.240297649937177,0.2889720117696808,asalariado,True,0,synthetic_v1,v1,personal_v1
31,1235186.1995398717,42.125446957965195,0,569.28440016624,0,60.0,0.7089559938373999,698537.4803770827,42,0.9220137632914915,0.9220137632914915,1.0845825082156104,0.9220137632914917,asalariado,True,0,synthetic_v1,v1,personal_v1
64,675140.7129056804,16.673495126457524,2,597.4902175755849,2,19.0,0.7357534175126962,793375.3789012069,18,0.19906825331767977,0.34718552441161,2.8803044184942395,0.796273013270719,pensionado,True,0,synthetic_v1,v1,personal_v1
47,462846.7106017844,3.47907779450054,1,433.07707155532347,3,33.0,0.7950940382471217,599857.5284259835,24,0.043455598636517254,0.36753697712351757,2.7208146723803837,0.21727799318258625,independiente,False,0,synthetic_v1,v1,personal_v1
36,1608538.2317868515,49.587581902070454,0,475.3018780635398,4,53.0,0.1461089063068377,2341763.378161746,44,0.15258608055378783,0.27692257193940395,3.611117696172559,0.45775824166136353,asalariado,False,0,synthetic_v1,v1,personal_v1
33,430335.73132226086,32.507952010027395,1,489.08452223410694,2,0.0,0.4687736875009083,383121.36992577196,27,0.15544100763720978,0.3878177142907274,2.5785310034867317,0.6217640305488391,independiente,False,0,synthetic_v1,v1,personal_v1
43,1310412.9818023145,8.960450894945053,0,591.4186664939874,2,0.0,0.37042173102028986,1171254.4216863203,41,0.11872430631391681,0.19503612662453532,5.1272552285921025,0.3561729189417504,asalariado,False,0,synthetic_v1,v1,personal_v1
32,200925.660657832,10.504037698578742,0,439.51568028486975,0,7.0,0.6686199034228553,45473.43247060037,13,0.15840451646110168,0.15840451646110168,6.312951311874767,0.15840451646110168,asalariado,False,0,synthetic_v1,v1,personal_v1
52,2434464.5498926835,8.91305506391948,2,569.0074605691955,1,36.0,0.9682004454959895,3432594.684800995,61,0.15556497970452013,0.17610337694764455,5.678482816926898,0.46669493911356036,pensionado,True,0,synthetic_v1,v1,personal_v1
32,687619.2513921679,203.03112365615192,2,453.6533670284725,1,1.0,0.5131235173787835,821951.798376707,19,0.16843759280278678,0.241152252694535,4.1467578628290465,0.8421879640139339,pensionado,False,0,synthetic_v1,v1,personal_v1
44,274616.08395048283,96.95215488681521,0,583.1886897051074,1,6.0,0.29536367375718,244139.868570238,8,0.08771577669164199,0.26978814215810065,3.706612129060818,0.17543155338328398,asalariado,False,0,synthetic_v1,v1,personal_v1
28,607427.0086477087,33.11372139975721,1,572.8416577219261,2,2.0,0.7284504278519099,799349.6095771606,19,0.11995178629248253,0.28458062000639023,3.513942727293043,0.5997589314624125,independiente,True,0,synthetic_v1,v1,personal_v1
41,1856687.6199930222,1.7437474411601388,0,582.1401281293901,0,3.0,0.475445948958911,2427536.8539262256,43,0.34709369468648044,0.34709369468648044,2.8810664535501593,0.6941873893729609,asalariado,True,0,synthetic_v1,v1,personal_v1
42,2121054.0851039723,72.85888018012331,1,629.3205855157676,1,0.0,0.3850350086539989,781493.6499650854,41,0.2818502583628494,0.30542344320106113,3.2741429063835716,0.2818502583628494,independiente,True,0,synthetic_v1,v1,personal_v1
41,534572.4911950969,108.11117387167774,1,553.7643620687923,1,19.0,0.5481892129611706,582267.5348555936,20,0.8375372607462876,0.9310699449444951,1.0740331652093165,0.8375372607462876,independiente,True,0,synthetic_v1,v1,personal_v1
18,1543719.6583430336,38.112269229406984,0,602.2138720842994,2,27.0,0.05907935701750042,744419.3469412758,50,0.1815825506056717,0.2463611517328582,4.059081527124659,0.7263302024226869,asalariado,True,0,synthetic_v1,v1,personal_v1
44,1104748.448630409,29.160618828144617,1,493.1801347870528,4,27.0,0.2109617532202693,404329.9604634184,24,0.059282809727399105,0.24031949753442539,4.161127208818134,0.17784842918219734,independiente,False,0,synthetic_v1,v1,personal_v1
38,603578.258954029,39.18608870469734,0,535.9348098669855,1,2.0,0.9474091597460165,761512.4964368519,21,0.2180378441381412,0.300877143364471,3.323615708450935,0.6541135324144237,asalariado,True,0,synthetic_v1,v1,personal_v1
27,280071.1710191135,40.59829705814853,0,526.6166524952189,5,35.0,0.6915961408086537,343918.07088379684,14,0.49324747431866983,1.385877726444615,0.7215643782409572,0.9864949486373396,asalariado,False,0,synthetic_v1,v1,personal_v1
57,150000.0,31.24327471920517,0,594.0414499273352,2,6.0,0.45210858559851985,133623.63287862638,20,0.30381755063317095,0.9704842172998376,1.0304134597698906,0.9114526518995129,asalariado,True,0,synthetic_v1,v1,personal_v1
18,501359.686392782,35.35725379642758,0,539.3541934549835,3,2.0,0.35720724860345104,380307.99422035593,26,0.4958509898504085,0.7950373904946856,1.2578024781674522,0.991701979700817,asalariado,True,0,synthetic_v1,v1,personal_v1
48,279655.17842803744,53.36195217059068,0,573.4076740105079,1,8.0,0.585675070065291,323030.45147378644,12,0.19138564265432811,0.3701772540990141,2.7014085520568547,0.9569282132716406,asalariado,False,0,synthetic_v1,v1,personal_v1
20,290146.893292621,17.723212066552698,0,492.50370532361126,1,2.0,0.36130223853261745,399012.68729675584,17,0.5771413640613725,0.7494678688624204,1.3342800159236308,0.5771413640613725,asalariado,False,1,synthetic_v1,v1,personal_v1
57,456379.11091759056,108.56458815386503,2,560.0006387542977,2,75.0,0.7201893745598658,111033.32670440212,30,0.09454756866383185,0.3136636447676245,3.1881284831107632,0.3781902746553274,pensionado,True,0,synthetic_v1,v1,personal_v1
34,1777120.7715067156,18.234803023056863,0,454.8878240694691,4,57.0,1.113069236581686,799540.6379227847,54,0.15741228786917322,0.2699538794180874,3.7043364672350703,0.47223686360751965,asalariado,False,0,synthetic_v1,v1,personal_v1
31,180095.04768362298,29.802779740646198,1,433.8970987549884,2,53.0,0.651108450786872,191937.54256387817,14,0.07467258790715778,0.6299349412377848,1.5874655214950597,0.22401776372147328,independiente,False,0,synthetic_v1,v1,personal_v1
52,328692.92129103467,15.380943038781338,0,501.029145869898,2,23.0,0.4188852621753705,144689.96027803377,13,0.7761507603585062,1.080386092251939,0.9255950323422031,0.7761507603585062,asalariado,False,0,synthetic_v1,v1,personal_v1
33,334212.0640249902,43.37914513850197,2,530.8030571453786,1,4.0,0.37054476236961037,145991.61345352535,23,0.15035477300443495,0.29996038387867713,3.333773570594119,0.6014190920177398,pensionado,True,0,synthetic_v1,v1,personal_v1
46,2196741.4164462136,133.42874898311354,0,562.350068553637,0,19.0,0.29794966170615755,1551228.910652786,64,0.26139037059384146,0.26139037059384146,3.825695635719646,0.5227807411876829,asalariado,True,0,synthetic_v1,v1,personal_v1
58,1114944.7395046265,10.147882203184109,0,501.2053461557313,4,41.0,0.5630537917468307,312351.11379876296,47,0.255548971383545,0.4349300589958877,2.2992202523520113,0.7666469141506351,asalariado,True,0,synthetic_v1,v1,personal_v1
31,1704566.6275987993,15.385990998510364,0,515.5387778330262,3,60.0,0.5389217712576864,2474443.5677485317,41,0.23290990508887424,0.32090881200828464,3.1161500170153755,0.6987297152666228,asalariado,False,0,synthetic_v1,v1,personal_v1
61,150000.0,1.3306308912734295,0,530.1874361373827,3,0.0,0.4260466432978227,204618.16105695372,12,0.08883405089156104,1.088834050891561,0.9184135995574149,0.4441702544578052,asalariado,True,0,synthetic_v1,v1,personal_v1
39,248354.97361395083,24.560219276673287,1,570.4948080017745,3,5.0,0.2766078687778407,252868.7207165282,10,0.9627299455208487,1.5667041595954327,0.6382825971804582,0.9627299455208488,independiente,True,0,synthetic_v1,v1,personal_v1
19,805216.6230523441,68.67020148377915,0,580.5325806910083,3,16.0,0.6022840120467751,377151.8966085841,27,0.2186806468154308,0.40496592174106916,2.469343582543198,0.6560419404462925,asalariado,True,0,synthetic_v1,v1,personal_v1
18,835167.752215151,35.78969480302158,0,535.0896046507306,1,5.0,0.4982809402350086,717802.1674183359,29,0.14982436237038638,0.2096925743162893,4.768886086026358,0.7491218118519318,asalariado,False,0,synthetic_v1,v1,personal_v1
55,1151663.7090256244,109.67210170786363,0,631.5327810797869,3,12.0,0.4245514801185873,1427146.308302556,25,0.17750265066274193,0.30774900541408584,3.2494012406456654,0.7100106026509677,asalariado,True,0,synthetic_v1,v1,personal_v1
37,850970.9016580639,13.515549228407007,2,588.0262134554335,0,26.0,0.39534267615813845,797450.5384147054,23,0.3019531831343997,0.3019531831343997,3.311771678044867,0.3019531831343997,pensionado,True,0,synthetic_v1,v1,personal_v1
23,1706696.3925989722,4.225464851223249,1,543.7434945776564,3,13.0,0.05036664467432832,1396517.9386598882,43,0.48285227986191276,0.5707413740502345,1.7521070759310042,0.9657045597238254,independiente,True,0,synthetic_v1,v1,personal_v1
41,370644.5319670931,17.825030058410974,0,566.0465451461886,1,1.0,0.29247485414767865,295020.1344292859,14,0.15695918557082153,0.2918593275873214,3.426308174786053,0.4708775567124647,asalariado,True,0,synthetic_v1,v1,personal_v1
31,470594.4886757511,15.428912616717096,0,513.694301909342,1,7.0,0.8209091638223994,567191.0542228407,26,0.38329304820112875,0.4895416363235685,2.042727167212878,0.38329304820112875,asalariado,True,0,synthetic_v1,v1,personal_v1
41,393748.36015227955,58.85981137910295,0,534.386947344385,2,32.0,0.558009998025687,381028.7872997569,27,0.23250809786064341,0.4864774095330162,2.0555939092011055,0.23250809786064341,asalariado,True,0,synthetic_v1,v1,personal_v1
32,240778.02828826517,6.409907961992147,0,493.6118568419224,2,30.0,0.5087847722998495,177689.89169646575,15,0.2650822666725569,0.6804025544534571,1.4697181741230587,0.7952468000176708,asalariado,False,0,synthetic_v1,v1,personal_v1
39,690795.0168684394,13.713254963147516,0,567.4291726381483,2,34.0,1.0518871954909503,372015.47106186365,22,0.2223674980732364,0.36712824121427273,2.7238438445718876,0.4447349961464729,asalariado,True,0,synthetic_v1,v1,personal_v1
53,200813.10576166178,10.694884524053151,0,560.3799750101653,0,27.0,0.32232857617138555,139597.47129548728,13,0.1747102957487241,0.1747102957487241,5.723761131045437,0.6988411829948964,asalariado,True,0,synthetic_v1,v1,personal_v1
36,475182.05137402186,33.37826814942825,0,468.3268334866107,1,226.0,0.6734268094866273,629847.5915206295,24,0.220989627332827,0.3262124568892497,3.0654868595024363,0.662968881998481,asalariado,False,1,synthetic_v1,v1,personal_v1
39,1025672.8779759428,89.48758484451727,0,546.2322460279124,2,3.0,0.6022544741910066,1266864.734179941,26,0.6647384647705944,0.7622354369020399,1.3119306077716733,0.6647384647705943,asalariado,True,0,synthetic_v1,v1,personal_v1
42,735169.0261953722,20.724901111894482,0,720.515652402236,0,0.0,0.6938568413538284,321185.4364720034,24,0.054538856720272026,0.054538856720272026,18.33555120396026,0.27269428360136017,asalariado,True,0,synthetic_v1,v1,personal_v1
27,150000.0,37.19108727916759,0,498.6404024371969,4,10.0,0.440588716558488,32136.758058789837,16,0.06258876594718807,1.3959220992805212,0.7163723538121609,0.2503550637887522,asalariado,True,0,synthetic_v1,v1,personal_v1
31,1823759.8011257672,0.14130966917693094,1,605.0444250146711,1,7.0,0.6010556200513744,1662784.9083081132,41,0.08006479472514927,0.10748068577019593,9.303997205024318,0.320259178900597,independiente,False,0,synthetic_v1,v1,personal_v1
37,1498572.177881113,2.6289602000602708,2,526.0902134685085,1,24.0,0.4724047209057313,920620.6460052717,38,0.14821614141082745,0.18158123435596465,5.507177013895828,0.7410807070541373,pensionado,False,0,synthetic_v1,v1,personal_v1
34,531124.0394350828,199.57152703729628,1,598.0231568715287,2,7.0,0.8382357344700322,223989.80002745622,17,0.4357237213866517,0.6240036570987738,1.6025547104152782,0.8714474427733034,independiente,True,0,synthetic_v1,v1,personal_v1
32,1692565.2392811605,63.21936348003118,0,583.9608297363735,2,15.0,1.0271057677372986,1811621.5899351176,46,0.057043500062780854,0.11612541766287905,8.61137914614935,0.2852175003139043,asalariado,False,0,synthetic_v1,v1,personal_v1
53,2622727.129203482,35.09316855621603,0,595.7127706285889,3,23.0,0.03021786194378055,1046417.709128142,86,0.5686212333664685,0.6258136108462999,1.5979198641072707,0.5686212333664685,asalariado,True,0,synthetic_v1,v1,personal_v1
45,491632.68602852797,41.73863577283825,1,417.5107280533324,6,23.0,0.3789286854005562,715195.7757051805,26,0.2891223730408516,0.8993340382241383,1.1119338949681488,0.8673671191225548,independiente,False,0,synthetic_v1,v1,personal_v1
32,2561015.0080121816,163.03968119266432,0,487.93034199486067,3,28.0,0.08641723610605709,3345270.5709583582,55,0.16540249685533487,0.22397302437302696,4.464823399154089,0.6616099874213394,asalariado,False,0,synthetic_v1,v1,personal_v1
35,301272.13307261566,53.548282292345405,0,518.2315580451442,0,16.0,0.7164118723453029,184592.04287115723,14,0.10117765599556514,0.10117765599556514,9.88360513158985,0.5058882799778256,asalariado,True,0,synthetic_v1,v1,personal_v1
51,864779.5675480743,20.302185433049775,0,577.0382084674255,2,4.0,0.6235181780823277,723294.2865777735,25,0.30826989638626157,0.42390630102927584,2.359011879681727,0.9248096891587847,asalariado,False,0,synthetic_v1,v1,personal_v1
42,2271910.7822899297,0.3681076069745216,0,522.0305397756538,1,0.0,0.4188834209005086,2756452.346688361,59,0.35184426177102784,0.3738521682389057,2.6748540866050616,0.35184426177102784,asalariado,False,0,synthetic_v1,v1,personal_v1
26,158516.90284111214,70.54525382008087,1,493.22558121661086,2,26.0,0.22684729403334322,127351.12431164457,10,0.23405505828382306,0.8649026096029023,1.1561995407310934,0.23405505828382306,independiente,False,0,synthetic_v1,v1,personal_v1
25,150000.0,30.132804588780562,0,488.67672079508304,1,10.0,0.631729128041066,88872.0927262521,13,0.1528211258599915,0.48615445919332484,2.0569594314928183,0.7641056292999575,asalariado,False,0,synthetic_v1,v1,personal_v1
50,1867036.5003876376,32.65230772397713,0,582.7976917035778,2,1.0,0.6725003057994757,2419264.601918844,34,0.6977718551246168,0.7513326719480897,1.3309683411040203,0.6977718551246168,asalariado,True,0,synthetic_v1,v1,personal_v1
45,1317990.6774452347,8.718737276705179,0,376.35213105265746,5,10.0,0.38548281016554287,1289953.8908897985,35,0.15308482432705953,0.34276750135827705,2.91742944134821,0.7654241216352977,asalariado,False,0,synthetic_v1,v1,personal_v1
46,242442.79549292673,45.717147486262256,1,624.9293841931245,1,4.0,0.7017170526708033,154804.53599571387,7,0.10350329551757745,0.3097375121225363,3.2285401698596536,0.3105098865527324,independiente,True,0,synthetic_v1,v1,personal_v1
47,487389.4533693475,60.990519247522585,1,510.76558488660294,2,84.0,1.067158256318511,160538.5394625964,16,0.15597125043399576,0.3611459814600675,2.7689633869304777,0.7798562521699787,independiente,False,0,synthetic_v1,v1,personal_v1
43,569449.5203691403,2.4554224392890465,0,576.3496029090454,1,43.0,0.5078564316548224,712913.8271662098,25,0.07645133709321145,0.16425543247218016,6.088078701259207,0.38225668546605723,asalariado,True,0,synthetic_v1,v1,personal_v1
46,304073.7123593997,0.12041995777282968,0,448.24707060578567,1,22.0,0.21222217966779566,349419.77033352526,12,0.4255939169461234,0.5900277300897684,1.694835596706374,0.851187833892247,asalariado,False,1,synthetic_v1,v1,personal_v1
32,1525622.826683474,8.159649447210516,2,504.0023478700513,2,9.0,0.6996864719825202,941526.3346386099,36,0.071222603243281,0.13676960362304613,7.3115661192974075,0.142445206486562,pensionado,False,0,synthetic_v1,v1,personal_v1
41,1742815.3613494153,26.961954929914647,0,577.6453223166295,0,1.0,0.6135167908896209,1538511.7303374966,44,0.18071367766488208,0.18071367766488208,5.533615456902016,0.9035683883244103,asalariado,True,0,synthetic_v1,v1,personal_v1
49,1696291.8393700381,6.7343531222166035,0,506.1620684772481,3,3.0,0.4589057172378412,1684786.617704546,46,0.050184899827055394,0.13861307976554194,7.214326394676874,0.20073959930822158,asalariado,False,0,synthetic_v1,v1,personal_v1
19,323334.38699898735,69.63822250588862,0,454.60229536740167,1,51.0,1.0852868602074863,321976.2726258609,13,0.1906322044265747,0.345270875754028,2.896276721331118,0.5718966132797241,asalariado,False,0,synthetic_v1,v1,personal_v1
18,516980.31051359884,50.54554828385284,1,602.5545442842956,1,7.0,0.4785087290565206,570465.4893020577,18,0.33056824238981447,0.4272837245526207,2.3403652948565523,0.6611364847796289,independiente,True,0,synthetic_v1,v1,personal_v1
43,501521.20172425284,0.5445319308970714,0,535.0945057284902,0,39.0,0.3761949185672781,152969.35106389943,20,0.199670545793415,0.199670545793415,5.008249945060146,0.39934109158683,asalariado,False,0,synthetic_v1,v1,personal_v1
41,150000.0,103.26895292987294,0,517.2968178641452,2,7.0,0.4228639521595677,84514.06065604863,11,0.08812122840320065,0.7547878950698673,1.3248755134148442,0.44060614201600323,asalariado,False,0,synthetic_v1,v1,personal_v1
55,677851.2265701207,3.4216757309729227,0,486.0108248773733,2,101.0,0.4298519732064578,499602.732908195,17,0.5874334878976917,0.7349584846525002,1.360621070281018,0.5874334878976917,asalariado,False,1,synthetic_v1,v1,personal_v1
43,724770.1576235843,175.69937990986716,0,566.6228674351253,4,21.0,0.4700239488366207,190948.19823099131,25,0.11366056697235065,0.3896101185595336,2.5666684522907146,0.34098170091705193,asalariado,True,0,synthetic_v1,v1,personal_v1
48,1011021.476093047,38.87545048332368,0,611.7356047584573,1,3.0,0.45659093678491175,532771.1475909858,31,0.7345546883616134,0.7840096219929129,1.2754945500006116,0.7345546883616135,asalariado,True,0,synthetic_v1,v1,personal_v1
42,172023.5611690735,120.6544400834544,0,491.7873992947484,2,8.0,0.3061450212081576,67256.8805317056,14,0.3857960431687857,0.967111761320411,1.0340066577565827,0.3857960431687857,asalariado,False,0,synthetic_v1,v1,personal_v1
39,238414.40591351668,4.62748649541828,1,513.2145932705583,3,18.0,0.5661383328750459,101649.57930581593,17,0.244952534037856,0.8741091465556899,1.1440218923922327,0.734857602113568,independiente,True,0,synthetic_v1,v1,personal_v1
28,1542295.4575853976,84.64626407933405,0,569.686528863953,1,20.0,0.764872212678292,1755226.2451885792,35,0.09587348936061271,0.1282926991521526,7.794675820282024,0.28762046808183817,asalariado,True,0,synthetic_v1,v1,personal_v1
29,632190.557441158,48.36623720101883,0,576.334037784653,2,2.0,0.45061623920204064,490728.4400083438,20,0.5026769936637452,0.660857148085472,1.5131863261175846,0.5026769936637451,asalariado,True,0,synthetic_v1,v1,personal_v1
46,429198.54712666466,184.52933737617607,0,649.1906672122461,1,3.0,0.6121699760294198,275093.8429954025,24,0.23536175474722731,0.35185795524634983,2.8420559634636082,0.23536175474722734,asalariado,True,0,synthetic_v1,v1,personal_v1
34,301089.11947777914,19.306564413810683,2,562.6953370294406,0,7.0,0.2071841245483167,94679.32619635959,22,0.08421828397855696,0.08421828397855696,11.873906149104306,0.4210914198927848,pensionado,True,0,synthetic_v1,v1,personal_v1
42,150000.0,47.107571311705854,0,567.8571468434959,1,15.0,0.3778620006811749,119359.51190914394,10,0.0727925738220766,0.40612590715540997,2.462290591122855,0.2911702952883064,asalariado,True,0,synthetic_v1,v1,personal_v1
35,1748876.4922983188,62.869951411914315,1,560.5074895500642,1,12.0,0.8044690658631326,1086500.3753953874,42,0.12435336786287621,0.1529431512010304,6.5383771169039635,0.3730601035886287,independiente,False,0,synthetic_v1,v1,personal_v1
29,1552364.9889471098,59.26201260521522,2,639.7826424494591,1,15.0,1.0502544811081265,905385.891511921,42,0.06093181960343407,0.09314073977105036,10.73644038535773,0.24372727841373631,pensionado,True,0,synthetic_v1,v1,personal_v1
21,207755.8537779735,16.202103706695052,0,635.4960905087838,0,1.0,0.2948923062539826,239193.93731436552,15,0.5499582023602575,0.5499582023602575,1.8183200026989261,0.5499582023602575,asalariado,True,0,synthetic_v1,v1,personal_v1
40,480400.5736321572,3.546685658196009,2,606.471894726346,2,10.0,0.28336266287863,616317.7325690001,13,0.17530887853604663,0.3834684967561739,2.6077761496946223,0.1753088785360466,pensionado,True,0,synthetic_v1,v1,personal_v1
18,648471.3398539163,39.31826042225344,0,555.6495124256526,4,2.0,0.5404565362284676,509582.82486774813,30,0.14808807733147253,0.4565057169530705,2.190553070560563,0.44426423199441756,asalariado,False,0,synthetic_v1,v1,personal_v1
27,1477988.27409737,3.41296139830028,0,578.1819525801718,1,0.0,0.9087309182938741,1424871.4943359266,30,0.38736214146931447,0.42119190918552707,2.3742146470328302,0.38736214146931447,asalariado,True,0,synthetic_v1,v1,personal_v1
25,206895.09691388634,35.5285430072121,1,449.2845689054281,2,14.0,0.8273491913896128,300572.2013771653,15,0.3165537250308304,0.7998904569864547,1.250171184398733,0.9496611750924914,independiente,False,0,synthetic_v1,v1,personal_v1
